input,intent,source,generated_letter,timestamp
"naku ration card kavali
",ration_card,text,"గౌరవ తహశీల్దార్ గారికి,
[Mandal Name] మండలం,
[District Name] జిల్లా.

విషయం: కొత్త రేషన్ కార్డు కోసం దరఖాస్తు

గౌరవనీయులైన సర్/మేడం,

నేను, Applicant, [Address] నివాసి, మా కుటుంబానికి కొత్త రేషన్ కార్డు జారీ చేయవలసినదిగా మీ ద్వారా ఈ దరఖాస్తును సమర్పిస్తున్నాను.

కుటుంబ వివరాలు:
కుటుంబ ముఖ్యస్థుడు: Applicant
చిరునామా: [Address]
కుటుంబ సభ్యులు: [Number of Family Members]
మొత్తం కుటుంబ ఆదాయం: రూ. [Annual Income] సంవత్సరానికి

జతచేసిన పత్రాలు:
1. చిరునామా ధృవీకరణ
2. ఆదాయ ధృవీకరణ పత్రం
3. కుటుంబ ఫోటో
4. అన్ని కుటుంబ సభ్యుల ఆధార్ కార్డులు

మీ ద్వారా నా దరఖాస్తును పరిశీలించి త్వరలో రేషన్ కార్డు జారీ చేయవలసినదిగా వినతిచేస్తున్నాను.

ధన్యవాదాలతో,
మీ విధేయుడు,
Applicant
Phone: Not provided",2025-08-02 11:48:43
"naku ration card kavali
",ration_card,text,"గౌరవ తహశీల్దార్ గారికి,
[Mandal Name] మండలం,
[District Name] జిల్లా.

విషయం: కొత్త రేషన్ కార్డు కోసం దరఖాస్తు

గౌరవనీయులైన సర్/మేడం,

నేను, Applicant, [Address] నివాసి, మా కుటుంబానికి కొత్త రేషన్ కార్డు జారీ చేయవలసినదిగా మీ ద్వారా ఈ దరఖాస్తును సమర్పిస్తున్నాను.

కుటుంబ వివరాలు:
కుటుంబ ముఖ్యస్థుడు: Applicant
చిరునామా: [Address]
కుటుంబ సభ్యులు: [Number of Family Members]
మొత్తం కుటుంబ ఆదాయం: రూ. [Annual Income] సంవత్సరానికి

జతచేసిన పత్రాలు:
1. చిరునామా ధృవీకరణ
2. ఆదాయ ధృవీకరణ పత్రం
3. కుటుంబ ఫోటో
4. అన్ని కుటుంబ సభ్యుల ఆధార్ కార్డులు

మీ ద్వారా నా దరఖాస్తును పరిశీలించి త్వరలో రేషన్ కార్డు జారీ చేయవలసినదిగా వినతిచేస్తున్నాను.

ధన్యవాదాలతో,
మీ విధేయుడు,
Applicant
Phone: Not provided",2025-08-02 11:48:45
naku income kavali,income_certificate,text,"To,
The Tahsildar,
[Mandal Name] Mandal,
[District Name] District.

Subject: Application for Income Certificate

Respected Sir/Madam,

I, Applicant, resident of [Address], hereby submit this application requesting you to issue an income certificate for my family.

Personal Details:
Name: Applicant
Address: [Address]
Occupation: [Occupation]
Annual Income: Rs. [Annual Income]

Purpose of Certificate: [Purpose]

Documents attached:
1. Salary certificate/Income proof
2. Address proof
3. Aadhaar card

I kindly request you to process my application and issue the income certificate at the earliest.

Thanking you,
Yours faithfully,
Applicant
Phone: Not provided",2025-08-02 12:42:21
naku leave letter kavali,general,text,"Dear Sir/Madam,

naku leave letter kavali

Sincerely,
Applicant",2025-08-02 12:54:21
naku ration card kavali,ration_card,text,"To,
The Tahsildar,
[Mandal Name] Mandal,
[District Name] District.

Subject: Application for New Ration Card

Respected Sir/Madam,

I, Applicant, resident of [Address], hereby submit this application requesting you to issue a new ration card for my family.

Family Details:
Head of Family: Applicant
Address: [Address]
Family Members: [Number of Family Members]
Total Family Income: Rs. [Annual Income] per annum

Documents attached:
1. Address proof
2. Income certificate
3. Family photo
4. Aadhaar cards of all family members

I kindly request you to process my application and issue the ration card at the earliest.

Thanking you,
Yours faithfully,
Applicant
Phone: Not provided",2025-08-02 12:54:44
naku income kavali,income_certificate,text,"గౌరవ తహశీల్దార్ గారికి,
[Mandal Name] మండలం,
[District Name] జిల్లా.

విషయం: ఆదాయ ధృవీకరణ పత్రం కోసం దరఖాస్తు

గౌరవనీయులైన సర్/మేడం,

నేను, Applicant, [Address] నివాసి, మా కుటుంబానికి ఆదాయ ధృవీకరణ పత్రం జారీ చేయవలసినదిగా మీ ద్వారా ఈ దరఖాస్తును సమర్పిస్తున్నాను.

వ్యక్తిగత వివరాలు:
పేరు: Applicant
చిరునామా: [Address]
వృత్తి: [Occupation]
వార్షిక ఆదాయం: రూ. [Annual Income]

పత్రం ఉపయోగం: [Purpose]

జతచేసిన పత్రాలు:
1. జీతం ధృవీకరణ/ఆదాయ ధృవీకరణ
2. చిరునామా ధృవీకరణ
3. ఆధార్ కార్డు

మీ ద్వారా నా దరఖాస్తును పరిశీలించి త్వరలో ఆదాయ ధృవీకరణ పత్రం జారీ చేయవలసినదిగా వినతిచేస్తున్నాను.

ధన్యవాదాలతో,
మీ విధేయుడు,
Applicant
Phone: Not provided",2025-08-02 23:22:26
naku income certficate kavali,income_certificate,text,"గౌరవ తహశీల్దార్ గారికి,
[Mandal Name] మండలం,
[District Name] జిల్లా.

విషయం: ఆదాయ ధృవీకరణ పత్రం కోసం దరఖాస్తు

గౌరవనీయులైన సర్/మేడం,

నేను, Applicant, [Address] నివాసి, మా కుటుంబానికి ఆదాయ ధృవీకరణ పత్రం జారీ చేయవలసినదిగా మీ ద్వారా ఈ దరఖాస్తును సమర్పిస్తున్నాను.

వ్యక్తిగత వివరాలు:
పేరు: Applicant
చిరునామా: [Address]
వృత్తి: [Occupation]
వార్షిక ఆదాయం: రూ. [Annual Income]

పత్రం ఉపయోగం: [Purpose]

జతచేసిన పత్రాలు:
1. జీతం ధృవీకరణ/ఆదాయ ధృవీకరణ
2. చిరునామా ధృవీకరణ
3. ఆధార్ కార్డు

మీ ద్వారా నా దరఖాస్తును పరిశీలించి త్వరలో ఆదాయ ధృవీకరణ పత్రం జారీ చేయవలసినదిగా వినతిచేస్తున్నాను.

ధన్యవాదాలతో,
మీ విధేయుడు,
Applicant
Phone: Not provided",2025-08-05 20:48:34
"naku voter id card kavali
",general,text,"Dear Sir/Madam,

naku voter id card kavali


Sincerely,
Applicant",2025-08-05 20:49:26
"naku  leave letter kava naku corono vachindi
",general,text,"గౌరవ తహశీల్దార్ గారికి,

naku  leave letter kava naku corono vachindi


ధన్యవాదాలతో,
మీ విధేయుడు",2025-08-05 22:07:23
